game_id,participant_id
4037579,1b17ab93ed1184b4
7553631,d2f1c88c0be4a19b
8127268,ca0922b34e670338
8265931,ca0922b34e670338
11251875,00abb0a354af727f
14468528,ca0922b34e670338
14953033,19dbddedf07994e2
16572000,00fcde600f92f2a0
21248901,ca0922b34e670338
24628001,ca0922b34e670338
24739904,0313454f0e513527
27641800,c6bd40b0a7053499
27772133,ca0922b34e670338
28524639,ca0922b34e670338
28576220,f2d5139df774f875
33785329,19dbddedf07994e2
35159491,ca0922b34e670338
38067848,67a198d323d17d4b
38504105,ca0922b34e670338
38635402,19dbddedf07994e2
39739797,ca0922b34e670338
40071328,80b582ddeb40b2ce
48229366,0313454f0e513527
49527421,19dbddedf07994e2
51594575,0313454f0e513527
51719664,19dbddedf07994e2
53932201,ca0922b34e670338
55753720,b0241aa48c88bd1b
57102538,6ccededecee01838
61994337,90c7b3288d046c3a
66601003,ca0922b34e670338
66911248,ca0922b34e670338
67294946,19dbddedf07994e2
68295615,19dbddedf07994e2
69343374,e3f99bfa4535678e
70869143,ca0922b34e670338
73281480,cc9f58c126cc648e
73436405,4884f857be239a22
73736335,19dbddedf07994e2
79102564,ca0922b34e670338
79613306,19dbddedf07994e2
80951790,ca0922b34e670338
81526378,ca0922b34e670338
81757113,ca0922b34e670338
81854952,19dbddedf07994e2
82466199,ca0922b34e670338
84396361,19dbddedf07994e2
86775232,19dbddedf07994e2
87305888,05342ea0a157f2f6
91832136,ca0922b34e670338
95539362,4129b562fe425a0b
98495979,ca0922b34e670338
101133707,19dbddedf07994e2
103042687,19dbddedf07994e2
106730778,ca0922b34e670338
109243754,33ba844cbb15fecd
109470593,ca0922b34e670338
111829479,ca0922b34e670338
114077974,7d6a88e8113679a3
116139813,ca0922b34e670338
116536826,19dbddedf07994e2
116942599,06f86707644f3a56
117326210,ca0922b34e670338
119763023,e55525e0b2004294
120534754,19dbddedf07994e2
124083426,ca0922b34e670338
127177564,ca0922b34e670338
128539307,19dbddedf07994e2
129998658,19dbddedf07994e2
130003681,ca0922b34e670338
130208910,ca0922b34e670338
130456779,a6e782556623dbce
130815586,19dbddedf07994e2
135158573,befac2ddbf9df4dd
137150958,e55525e0b2004294
141628003,19dbddedf07994e2
147071676,19dbddedf07994e2
147954634,ca0922b34e670338
149286441,19dbddedf07994e2
150801343,2119fe68a204e42a
150907515,e5bf83d96f9751cf
153262811,19dbddedf07994e2
154823956,19dbddedf07994e2
157225293,4884f857be239a22
158493854,ea31d3dfe650517d
161989652,ca0922b34e670338
162329450,2119fe68a204e42a
163778370,4884f857be239a22
165107488,09d75720fe852e72
167399389,19dbddedf07994e2
168644378,5d82cb8a155dbd34
171991236,19dbddedf07994e2
175923535,ca0922b34e670338
178882320,0aa98710d4bf8ecf
181112896,ca0922b34e670338
185408081,ca0922b34e670338
185561778,19dbddedf07994e2
186264074,0b1a2a0acb3dbf7d
189807028,19dbddedf07994e2
198955018,ca0922b34e670338
201772945,ca0922b34e670338
202570561,0c12fb41717c67fc
205454359,19dbddedf07994e2
205654891,6ccededecee01838
207545126,19dbddedf07994e2
209090039,19dbddedf07994e2
210054815,90c7b3288d046c3a
211762911,ca0922b34e670338
214226013,2119fe68a204e42a
216388866,19dbddedf07994e2
221019708,ca0922b34e670338
221149078,19dbddedf07994e2
222855833,1b17ab93ed1184b4
222895901,ca0922b34e670338
229097418,90c7b3288d046c3a
230607673,19dbddedf07994e2
232346538,19dbddedf07994e2
236972773,fbadf6e2726d706f
238569167,19dbddedf07994e2
239820164,ca0922b34e670338
240195408,19dbddedf07994e2
241418837,ca0922b34e670338
243144267,0e7e164bfc1b4f55
256261703,6ccededecee01838
256991296,0f5160401ea3925f
257310613,ca0922b34e670338
258484064,33ba844cbb15fecd
259596219,19dbddedf07994e2
260182968,ca0922b34e670338
261124549,19dbddedf07994e2
265652041,7b2ffac3269afaa0
273675378,19dbddedf07994e2
273705755,90c7b3288d046c3a
275057907,ca0922b34e670338
279365053,19dbddedf07994e2
280350436,90c7b3288d046c3a
281532448,2119fe68a204e42a
281717081,19dbddedf07994e2
285172179,10ff61d3893e0196
288104939,112c21eba6f4bfad
288758279,19dbddedf07994e2
289174638,2119fe68a204e42a
289482451,ca0922b34e670338
291378849,ca0922b34e670338
293955247,ca0922b34e670338
294194435,5d82cb8a155dbd34
295885420,ca0922b34e670338
296293646,4dacd064a3248f0e
297062979,11b4d243a5de3777
298539886,19dbddedf07994e2
299919447,19dbddedf07994e2
302898194,ca0922b34e670338
305151712,19dbddedf07994e2
308472434,19dbddedf07994e2
310200709,127d4985fd094b11
310250820,19dbddedf07994e2
310421920,1280a9a0be507027
311252446,128d55de46314e3b
312451736,19dbddedf07994e2
314556961,2c99b217faca51f8
317165113,12e78e390a573b38
320440720,ca0922b34e670338
320734184,19dbddedf07994e2
323977748,19dbddedf07994e2
325974338,ca0922b34e670338
327993478,19dbddedf07994e2
330717617,13b659b1ef159332
331069015,4884f857be239a22
332844664,19dbddedf07994e2
334792025,19dbddedf07994e2
336457285,19dbddedf07994e2
341856973,ca0922b34e670338
344306342,911b50e2486c6186
344627912,148a9ac8b8ae8634
347992785,1d9428fe2df1528d
348446060,ca0922b34e670338
349252357,90c7b3288d046c3a
352306649,e5bf83d96f9751cf
357545744,19dbddedf07994e2
359120643,ca0922b34e670338
361805085,19dbddedf07994e2
361999465,1593ac699e340f60
364671892,90c7b3288d046c3a
367542062,19dbddedf07994e2
371038976,ca0922b34e670338
371601648,5d82cb8a155dbd34
375305404,cfae3ca2f65f0b94
376333546,ca0922b34e670338
378032862,19dbddedf07994e2
383552054,1b17ab93ed1184b4
388179472,ca0922b34e670338
388978624,ca0922b34e670338
390317806,8a6febcf85c544d4
390776475,19dbddedf07994e2
392367558,ca0922b34e670338
392605100,ca0922b34e670338
394189180,b42f6b3c826e14ff
400937237,594a2daf965aa5ca
403921195,1813592b65bc5438
403993808,ca0922b34e670338
406039640,19dbddedf07994e2
406709400,ca0922b34e670338
407673213,19dbddedf07994e2
414899206,ca0922b34e670338
417552577,ca0922b34e670338
421052354,67a198d323d17d4b
425927689,2119fe68a204e42a
429024850,19dbddedf07994e2
429957667,19a0a2235b345add
432612559,90c7b3288d046c3a
433839597,19dbddedf07994e2
434997362,ca0922b34e670338
436187713,2119fe68a204e42a
437590011,19dbddedf07994e2
438918814,8fef31f6e130d228
443421410,2119fe68a204e42a
446379965,ca0922b34e670338
446560460,ca0922b34e670338
446786811,ca0922b34e670338
448824277,19dbddedf07994e2
450301693,e55525e0b2004294
451623032,ca0922b34e670338
452455728,19dbddedf07994e2
454285333,19dbddedf07994e2
454536083,1b17ab93ed1184b4
456165794,ca0922b34e670338
458241125,19dbddedf07994e2
459291430,e5bf83d96f9751cf
460674059,80b582ddeb40b2ce
461906987,ca0922b34e670338
465006079,ca0922b34e670338
467974399,19dbddedf07994e2
468052735,19dbddedf07994e2
470312028,92859eb517ad4608
471888302,ca0922b34e670338
473447044,cc9f58c126cc648e
473807441,19dbddedf07994e2
473917567,19dbddedf07994e2
475740198,19dbddedf07994e2
476868927,2119fe68a204e42a
478649695,4dacd064a3248f0e
479568919,5f60b9ee05cf73cc
482921422,768862e11a280fd0
483754582,ca0922b34e670338
489981919,1d3487df6761d44e
491341910,ca0922b34e670338
492779061,19dbddedf07994e2
496249086,1d9428fe2df1528d
498294400,19dbddedf07994e2
499466539,4884f857be239a22
499613191,0313454f0e513527
499703919,344c73764f8f87f2
500317216,19dbddedf07994e2
502038815,1dec811f02c7fc81
505057018,ca0922b34e670338
505291740,2119fe68a204e42a
505350339,1e1f08c3d004335b
506028501,19dbddedf07994e2
506836324,5f60b9ee05cf73cc
507202806,19dbddedf07994e2
509392419,ca0922b34e670338
513266667,1b17ab93ed1184b4
515033344,19dbddedf07994e2
515523398,19dbddedf07994e2
515944886,19dbddedf07994e2
523869939,237369304d4e4105
525349647,8fef31f6e130d228
525696173,19dbddedf07994e2
527747631,ca0922b34e670338
530454262,ca0922b34e670338
531635688,ca0922b34e670338
532343912,19dbddedf07994e2
535851841,225448dc520d9fde
538060626,20122752d1b9cd72
543851042,206a8222428d1fc7
544138729,ca0922b34e670338
546836002,20980e2265b3d724
549575590,90c7b3288d046c3a
551552665,393febb284db5d16
553270722,19dbddedf07994e2
555316710,19dbddedf07994e2
555351656,2119fe68a204e42a
557391146,befac2ddbf9df4dd
558414797,1b17ab93ed1184b4
562137599,ca0922b34e670338
562766859,19dbddedf07994e2
565096805,19dbddedf07994e2
567085910,ca0922b34e670338
567559181,19dbddedf07994e2
568803314,b0241aa48c88bd1b
573314448,2119fe68a204e42a
574647171,19dbddedf07994e2
575827411,10ff61d3893e0196
575949020,225448dc520d9fde
576138594,19dbddedf07994e2
579081712,19dbddedf07994e2
579510091,ca0922b34e670338
581355412,ca0922b34e670338
581576609,1b17ab93ed1184b4
585184729,ca0922b34e670338
586414467,5d82cb8a155dbd34
587606053,23062825a1bc28fc
590768946,19dbddedf07994e2
592044575,2d784fe60bc13843
593973844,c4e042d561d76013
594332633,19dbddedf07994e2
594438861,236e6acdb937b01c
594766128,237369304d4e4105
596701991,33ba844cbb15fecd
596842568,2119fe68a204e42a
599593528,b42f6b3c826e14ff
599898432,250d650b8522d958
604807106,e5bf83d96f9751cf
605333540,19dbddedf07994e2
610850834,ca0922b34e670338
613367702,19dbddedf07994e2
615701775,19dbddedf07994e2
615904230,1b17ab93ed1184b4
621634200,19dbddedf07994e2
621634827,250d650b8522d958
622701400,7d6a88e8113679a3
629143101,ca0922b34e670338
642158705,80b582ddeb40b2ce
642252129,ca0922b34e670338
645380809,90c7b3288d046c3a
646625959,90c7b3288d046c3a
649723805,19dbddedf07994e2
656817751,19dbddedf07994e2
658084668,ca0922b34e670338
659509261,ca0922b34e670338
661154376,2119fe68a204e42a
662930816,4dacd064a3248f0e
663501030,ca0922b34e670338
664581441,1b17ab93ed1184b4
668911788,19dbddedf07994e2
672516336,f10ef47e05746467
674984045,5d82cb8a155dbd34
675796605,ca0922b34e670338
678272682,1b17ab93ed1184b4
684246845,e3f99bfa4535678e
686736792,1593ac699e340f60
687208161,ab363adc4024ff3c
691006445,ca0922b34e670338
701056837,90c7b3288d046c3a
704687086,e3f99bfa4535678e
706699234,90c7b3288d046c3a
709950335,d50a5784d54f4c76
713496943,5d82cb8a155dbd34
716512998,ca0922b34e670338
720197208,19dbddedf07994e2
720925911,2af874d749a75ec8
722264632,e55525e0b2004294
724156336,6ccededecee01838
728336793,ca0922b34e670338
728770829,e9402a9ba7d42b70
730585112,11b4d243a5de3777
733085211,19dbddedf07994e2
733891978,ca0922b34e670338
734691884,f10ef47e05746467
739103751,768862e11a280fd0
739855084,ca0922b34e670338
745717590,0f5160401ea3925f
745977661,19dbddedf07994e2
748270103,2c99b217faca51f8
748413333,ca0922b34e670338
748836905,5d82cb8a155dbd34
749545149,2119fe68a204e42a
749739959,19dbddedf07994e2
754837456,2119fe68a204e42a
757052101,2119fe68a204e42a
758217739,d2f1c88c0be4a19b
759742115,f2d5139df774f875
761707217,ca0922b34e670338
762859494,2d784fe60bc13843
764084115,19dbddedf07994e2
766562676,7007a1f9c84cefe6
768348078,ca0922b34e670338
773378521,7b2ffac3269afaa0
774556535,80b582ddeb40b2ce
774802861,ca0922b34e670338
775192949,2e34817554833792
776137790,ca0922b34e670338
776213825,2e44154140f87dcd
779030256,2e6f0ef07649dff2
779315568,ca0922b34e670338
784994621,ca0922b34e670338
791087912,2f270b280fb2598d
803478089,ca0922b34e670338
803656055,1b17ab93ed1184b4
803992278,2febf2d649e0bd3a
806935565,19dbddedf07994e2
807754269,19dbddedf07994e2
809379472,ca0922b34e670338
810652289,19dbddedf07994e2
811692835,19dbddedf07994e2
812022033,ca0922b34e670338
812090929,da1b2cc86155f95b
818975855,19dbddedf07994e2
819646719,ca0922b34e670338
820043616,ca0922b34e670338
821534538,19dbddedf07994e2
821857480,19dbddedf07994e2
827718852,19dbddedf07994e2
830268789,19dbddedf07994e2
831413884,19dbddedf07994e2
835014636,ca0922b34e670338
837784474,19dbddedf07994e2
845514604,ca0922b34e670338
845536242,ca0922b34e670338
847763831,ca0922b34e670338
856214876,19dbddedf07994e2
860991041,19dbddedf07994e2
863727266,ca0922b34e670338
866674490,19dbddedf07994e2
867861580,33ba844cbb15fecd
868209754,768862e11a280fd0
869905790,19dbddedf07994e2
872141855,19dbddedf07994e2
877425526,344c73764f8f87f2
880159767,19dbddedf07994e2
883033140,19dbddedf07994e2
893606907,5d82cb8a155dbd34
893641495,ca0922b34e670338
894392035,1b17ab93ed1184b4
896820973,19dbddedf07994e2
897114783,19dbddedf07994e2
898578018,ca0922b34e670338
899176627,e3f99bfa4535678e
899950567,ca0922b34e670338
900038723,ca0922b34e670338
901341258,80b582ddeb40b2ce
902366082,ca0922b34e670338
904135676,f17c71b6d21b5f4f
904234699,2119fe68a204e42a
905479920,2119fe68a204e42a
915262209,368dcb012acd2bd4
916512337,1b17ab93ed1184b4
916794741,19dbddedf07994e2
918240331,d32d69e3457e91ea
923729797,83f14b7437375831
924334674,19dbddedf07994e2
927346393,ca0922b34e670338
928178390,2119fe68a204e42a
931408422,19dbddedf07994e2
931738085,19dbddedf07994e2
931827614,2af874d749a75ec8
933828662,9c4f781173d0fb2d
935838537,37c7c349aa426fce
936576065,92859eb517ad4608
938444051,19dbddedf07994e2
939249204,ca0922b34e670338
940254846,d32d69e3457e91ea
940933277,ca0922b34e670338
941403924,4dacd064a3248f0e
941983558,19dbddedf07994e2
943050495,19dbddedf07994e2
943271264,768862e11a280fd0
943303949,11b4d243a5de3777
947534425,19dbddedf07994e2
948903037,19dbddedf07994e2
952770904,ca0922b34e670338
954724193,19dbddedf07994e2
959048828,ca0922b34e670338
960490418,393febb284db5d16
962768924,ca0922b34e670338
964437273,19dbddedf07994e2
965963156,e90bf79bebf9d078
967269048,19dbddedf07994e2
969421655,8f48cd1f7a4fa984
970448064,19dbddedf07994e2
972204429,6ccededecee01838
978480366,f10ef47e05746467
979848282,ca0922b34e670338
980890295,19dbddedf07994e2
981168054,ca0922b34e670338
990406685,d50a5784d54f4c76
991656742,19dbddedf07994e2
992680166,95d41a301cf5e2b3
996675253,ca0922b34e670338
999058813,ca0922b34e670338
1003157786,5d82cb8a155dbd34
1005464744,ff5abca3be7f134b
1010140157,70365808c334216b
1010679461,cc9f58c126cc648e
1011036355,ca0922b34e670338
1012660989,ca0922b34e670338
1016770224,3c9aaeb0d04b438d
1021833266,614a406f6ac4d07d
1024747225,5f60b9ee05cf73cc
1029966544,19dbddedf07994e2
1032881980,19dbddedf07994e2
1038194487,7007a1f9c84cefe6
1038253764,19dbddedf07994e2
1042006327,ca0922b34e670338
1042861710,19dbddedf07994e2
1043250736,cfae3ca2f65f0b94
1046572749,19dbddedf07994e2
1047696816,1b17ab93ed1184b4
1049595993,3e8f905982a0ce47
1050396074,ca0922b34e670338
1050668233,19dbddedf07994e2
1051692711,19dbddedf07994e2
1053523191,90c7b3288d046c3a
1056576267,19dbddedf07994e2
1057449567,19dbddedf07994e2
1059625085,0313454f0e513527
1063297936,ca0922b34e670338
1064958445,1b17ab93ed1184b4
1065075166,ca0922b34e670338
1067774529,ca0922b34e670338
1069593167,19dbddedf07994e2
1070592321,7007a1f9c84cefe6
1071646719,3fe007ffcb356bf9
1073557627,b0241aa48c88bd1b
1076107120,19dbddedf07994e2
1078200886,19dbddedf07994e2
1080476619,ca0922b34e670338
1083260713,46e8a5186d238bc1
1083743478,ca0922b34e670338
1084144637,19dbddedf07994e2
1090628018,19dbddedf07994e2
1093252450,4129b562fe425a0b
1094555748,2119fe68a204e42a
1097617046,19dbddedf07994e2
1098145457,19dbddedf07994e2
1107188145,41fe59b152ca64d1
1107634225,ca0922b34e670338
1112009519,ca0922b34e670338
1112324062,b61b6ba65fc547f3
1112615242,1b17ab93ed1184b4
1116345822,92859eb517ad4608
1121022166,ca0922b34e670338
1122776507,ca0922b34e670338
1123079006,19dbddedf07994e2
1123593681,42f8add1fc5ae125
1125331811,19dbddedf07994e2
1125480526,19dbddedf07994e2
1126896886,ca0922b34e670338
1127938000,19dbddedf07994e2
1130414507,7b2ffac3269afaa0
1132368837,437e93c5fb55d0b9
1134367298,ca0922b34e670338
1136393141,4884f857be239a22
1137281940,19dbddedf07994e2
1137977181,f10ef47e05746467
1138962747,19dbddedf07994e2
1139853826,19dbddedf07994e2
1148134892,19dbddedf07994e2
1148570883,19dbddedf07994e2
1148838435,7a3c06db23768808
1152777350,19dbddedf07994e2
1153187470,19dbddedf07994e2
1156042246,1b17ab93ed1184b4
1158319786,4dacd064a3248f0e
1163063779,19dbddedf07994e2
1164057146,ca0922b34e670338
1165414127,19dbddedf07994e2
1165432856,19dbddedf07994e2
1168780196,7c410fab0792a1a6
1171203892,19dbddedf07994e2
1180397681,19dbddedf07994e2
1180574956,e55525e0b2004294
1186493675,19dbddedf07994e2
1188253856,46d350a033c35853
1189651736,46e8a5186d238bc1
1193951961,19dbddedf07994e2
1196135522,2119fe68a204e42a
1197213794,ca0922b34e670338
1199064100,b0241aa48c88bd1b
1199496307,2119fe68a204e42a
1204030447,19dbddedf07994e2
1204305525,19dbddedf07994e2
1207457012,47f854f4527f605b
1207805225,47fda529d1b27280
1212235529,ca0922b34e670338
1213762456,ca0922b34e670338
1216184925,5d82cb8a155dbd34
1216644700,ca0922b34e670338
1216673879,4884f857be239a22
1218429216,19dbddedf07994e2
1218630662,19dbddedf07994e2
1226281913,19dbddedf07994e2
1233215762,f84d104ad34eaf84
1233453387,2f270b280fb2598d
1235078687,ca0922b34e670338
1235147157,19dbddedf07994e2
1244564498,4a2e8c128c84c87f
1245565454,19dbddedf07994e2
1246829200,19dbddedf07994e2
1246994374,19dbddedf07994e2
1247264456,ca0922b34e670338
1249422496,ca0922b34e670338
1250512912,5f60b9ee05cf73cc
1254157882,19dbddedf07994e2
1254477331,ca0922b34e670338
1255504434,ca0922b34e670338
1256125203,ca0922b34e670338
1259614483,ca0922b34e670338
1259920627,19dbddedf07994e2
1262162975,ca0922b34e670338
1262250985,ca0922b34e670338
1262617223,92859eb517ad4608
1263582422,90c7b3288d046c3a
1264253345,ca0922b34e670338
1264752009,4b629589b0170dda
1267621141,1b17ab93ed1184b4
1275867687,ca0922b34e670338
1280541068,19dbddedf07994e2
1282030208,e3f99bfa4535678e
1283915037,19dbddedf07994e2
1287692644,ca0922b34e670338
1287781945,95d41a301cf5e2b3
1289164941,19dbddedf07994e2
1290003741,ca0922b34e670338
1292819976,cfae3ca2f65f0b94
1293066524,19dbddedf07994e2
1293548151,46e8a5186d238bc1
1294328428,ca0922b34e670338
1294393306,33ba844cbb15fecd
1298142013,c03bd0cac4c60891
1298572036,19dbddedf07994e2
1299121189,19dbddedf07994e2
1303171172,4dacd064a3248f0e
1306174758,19dbddedf07994e2
1307496363,1b17ab93ed1184b4
1308281357,4dfaca0d49a903d7
1308360777,ca0922b34e670338
1310379060,ca0922b34e670338
1310963138,4e23b5c2b01c6e8c
1311651366,90c7b3288d046c3a
1312004554,ca0922b34e670338
1312966938,19dbddedf07994e2
1315230272,ca0922b34e670338
1322948701,ca0922b34e670338
1323102695,80b582ddeb40b2ce
1324468389,19dbddedf07994e2
1326024649,19dbddedf07994e2
1327314516,19dbddedf07994e2
1328680980,ca0922b34e670338
1330461836,46d350a033c35853
1330758030,ca0922b34e670338
1331775375,4f61478ff21223b0
1331884676,ca0922b34e670338
1336113652,5ff39a78deaa4e85
1337028226,19dbddedf07994e2
1338243131,90c7b3288d046c3a
1339846249,ca0922b34e670338
1344350549,5d82cb8a155dbd34
1344513388,5023a56c073ba150
1347436621,ca0922b34e670338
1349645561,5071f4f9f28c13b3
1351299768,2119fe68a204e42a
1352766281,ca0922b34e670338
1356584047,ca0922b34e670338
1356656304,19dbddedf07994e2
1357111513,19dbddedf07994e2
1359660894,ca0922b34e670338
1360090471,ca0922b34e670338
1360426589,83f14b7437375831
1361445395,ca0922b34e670338
1363367649,ca0922b34e670338
1367014775,ca0922b34e670338
1369186450,92859eb517ad4608
1370805989,ca0922b34e670338
1371712153,befac2ddbf9df4dd
1378104547,b2855bce0b5908c6
1380754725,ca0922b34e670338
1381259915,e3f99bfa4535678e
1384678021,ca0922b34e670338
1386559283,ca0922b34e670338
1389366224,ca0922b34e670338
1391875567,e55525e0b2004294
1392469936,0313454f0e513527
1395249641,19dbddedf07994e2
1397755529,1b17ab93ed1184b4
1397820564,1b17ab93ed1184b4
1398865906,19dbddedf07994e2
1404202216,53b26ce8a91654ea
1404309204,33ba844cbb15fecd
1404562771,ca0922b34e670338
1404854122,92859eb517ad4608
1405736671,8a6febcf85c544d4
1406430534,53d46d46c9ef0e14
1407268571,82dbaca2150b72ac
1409111046,1b17ab93ed1184b4
1412710413,ca0922b34e670338
1418633748,19dbddedf07994e2
1423216109,c03bd0cac4c60891
1423466456,e55525e0b2004294
1429903927,ca0922b34e670338
1430427862,ca0922b34e670338
1430781042,90c7b3288d046c3a
1431537593,ca0922b34e670338
1432580469,ca0922b34e670338
1434817115,5d82cb8a155dbd34
1438789606,e55525e0b2004294
1440413736,e3f99bfa4535678e
1447302285,ca0922b34e670338
1450628701,ca0922b34e670338
1455979615,5f60b9ee05cf73cc
1463110951,ca0922b34e670338
1468083063,768862e11a280fd0
1472696917,19dbddedf07994e2
1473955008,ca0922b34e670338
1475275667,b2855bce0b5908c6
1481891207,2119fe68a204e42a
1490483869,0313454f0e513527
1491165278,0313454f0e513527
1491531410,e3f99bfa4535678e
1491668746,ca0922b34e670338
1494706161,591767f1643bd690
1498033583,594a2daf965aa5ca
1501932429,19dbddedf07994e2
1503545341,ca0922b34e670338
1504710683,7007a1f9c84cefe6
1504947806,614a406f6ac4d07d
1505834270,19dbddedf07994e2
1509326188,19dbddedf07994e2
1509737911,e3f99bfa4535678e
1510294780,ca0922b34e670338
1513854303,19dbddedf07994e2
1518492360,19dbddedf07994e2
1518763980,5a867fcc194cedec
1518784148,5a86ce944e7078c1
1520551815,19dbddedf07994e2
1520643169,19dbddedf07994e2
1521429503,ca0922b34e670338
1522369225,19dbddedf07994e2
1525546499,e3f99bfa4535678e
1526932885,c03bd0cac4c60891
1530538630,ca0922b34e670338
1534124151,ca0922b34e670338
1535632482,e3f99bfa4535678e
1536089410,ca0922b34e670338
1538120981,5baddd1573b2f644
1539269547,5bbf63ab6fec288e
1540369112,768862e11a280fd0
1545785633,ca0922b34e670338
1545849147,1b17ab93ed1184b4
1548857499,ca0922b34e670338
1550760669,ca0922b34e670338
1552589565,ca0922b34e670338
1554592175,ca0922b34e670338
1559434810,4e23b5c2b01c6e8c
1559610042,5cf5c2ba02ee6bb5
1563697634,5d3421e2ae1d7ba3
1566142074,19dbddedf07994e2
1566628287,ca0922b34e670338
1567690728,19dbddedf07994e2
1568852874,5d82cb8a155dbd34
1570866940,6da4c89a4f55676a
1573758172,b42f6b3c826e14ff
1576406948,1b17ab93ed1184b4
1578855706,e3f99bfa4535678e
1582168005,5e4df7c55124f176
1586756987,ca0922b34e670338
1592412136,19dbddedf07994e2
1593223330,1b17ab93ed1184b4
1594890998,19dbddedf07994e2
1595755486,19dbddedf07994e2
1597217633,ca0922b34e670338
1598468239,19dbddedf07994e2
1599099856,19dbddedf07994e2
1599436657,7c410fab0792a1a6
1600174574,5f60b9ee05cf73cc
1601934435,1b17ab93ed1184b4
1602146176,19dbddedf07994e2
1602184089,ca0922b34e670338
1602186432,ca0922b34e670338
1604368358,4dacd064a3248f0e
1605127864,5fac4eb85b807c41
1607966308,ca0922b34e670338
1608455138,ca0922b34e670338
1608946621,2f270b280fb2598d
1609800312,5ff39a78deaa4e85
1612762324,b61b6ba65fc547f3
1612917087,19dbddedf07994e2
1613182919,fcb0678812970909
1613670715,2119fe68a204e42a
1617384655,606754cfbea75770
1617711585,7007a1f9c84cefe6
1618172294,ca0922b34e670338
1618607981,19dbddedf07994e2
1620289042,19dbddedf07994e2
1620418800,19dbddedf07994e2
1620732822,609a6b966c25b4d1
1621246134,ca0922b34e670338
1623212656,d2f1c88c0be4a19b
1629083718,19dbddedf07994e2
1630210159,5d82cb8a155dbd34
1631607531,ca0922b34e670338
1631646688,4884f857be239a22
1632256111,614a406f6ac4d07d
1634116995,e55525e0b2004294
1634131107,a992a1fd533fcd43
1634321047,ca0922b34e670338
1637417269,ca0922b34e670338
1640324619,90c7b3288d046c3a
1644298266,19dbddedf07994e2
1646125227,ca0922b34e670338
1646551423,ab363adc4024ff3c
1650741703,e55525e0b2004294
1650791105,ca0922b34e670338
1653366763,628c5feb96e74550
1653830076,77b66a0509916d51
1654394554,ca0922b34e670338
1658931877,33ba844cbb15fecd
1663839415,19dbddedf07994e2
1663969107,ca0922b34e670338
1665801542,1b17ab93ed1184b4
1666091303,05342ea0a157f2f6
1666226704,19dbddedf07994e2
1668321330,ca0922b34e670338
1670298578,e94bf9e6daf555e4
1670897784,19dbddedf07994e2
1672882023,ca0922b34e670338
1674948480,19dbddedf07994e2
1678773200,90c7b3288d046c3a
1680979806,19dbddedf07994e2
1684283211,ca0922b34e670338
1684889491,ca0922b34e670338
1685691248,ca0922b34e670338
1687104096,7d6a88e8113679a3
1689400718,ae75dd4c2c8dc843
1689462261,2119fe68a204e42a
1690290450,19dbddedf07994e2
1695578755,ca0922b34e670338
1696331508,00abb0a354af727f
1699500470,7007a1f9c84cefe6
1702869129,e3f99bfa4535678e
1704200832,2d784fe60bc13843
1705311200,65a4fbe00b09d24d
1708842089,ca0922b34e670338
1711752656,19dbddedf07994e2
1712045454,2119fe68a204e42a
1713862801,6627789108b41ca2
1714194618,ca0922b34e670338
1717613387,e55525e0b2004294
1719533990,19dbddedf07994e2
1727784782,ca0922b34e670338
1732149450,1b17ab93ed1184b4
1735757435,ca0922b34e670338
1737005735,19dbddedf07994e2
1738643667,67a198d323d17d4b
1741175576,ca0922b34e670338
1742430258,dca779aad57531f1
1746688305,19dbddedf07994e2
1746833607,ca0922b34e670338
1749245203,2119fe68a204e42a
1750528247,ca0922b34e670338
1750870530,e3f99bfa4535678e
1753151060,90c7b3288d046c3a
1753491983,dca779aad57531f1
1756426068,e94bf9e6daf555e4
1761858824,4dacd064a3248f0e
1773026045,80b582ddeb40b2ce
1777611204,1b17ab93ed1184b4
1778575926,ca0922b34e670338
1780272893,ca0922b34e670338
1780576371,ca0922b34e670338
1781253940,19dbddedf07994e2
1786611846,19dbddedf07994e2
1787717669,33ba844cbb15fecd
1791375246,7d6a88e8113679a3
1793423987,2119fe68a204e42a
1793661382,2119fe68a204e42a
1796175076,ca0922b34e670338
1796357427,5f60b9ee05cf73cc
1800104409,f87d30729e499d72
1806283905,6ba9b481f9f027e8
1807432958,19dbddedf07994e2
1807739097,6bbfe8d97840dd13
1811580044,2119fe68a204e42a
1813496964,ca0922b34e670338
1816732027,cfae3ca2f65f0b94
1819503028,19dbddedf07994e2
1821502164,ca0922b34e670338
1825496798,6ccededecee01838
1825985525,19dbddedf07994e2
1827625754,ae75dd4c2c8dc843
1832046671,19dbddedf07994e2
1832824012,19dbddedf07994e2
1833015888,90c7b3288d046c3a
1834897960,0313454f0e513527
1836456232,a992a1fd533fcd43
1839054327,768862e11a280fd0
1839515802,6da4c89a4f55676a
1840097683,2119fe68a204e42a
1846989114,19dbddedf07994e2
1847653738,b0241aa48c88bd1b
1855132859,7007a1f9c84cefe6
1855388425,19dbddedf07994e2
1855997308,ca0922b34e670338
1857177440,80b582ddeb40b2ce
1858268634,1b17ab93ed1184b4
1859531733,ca0922b34e670338
1860396732,19dbddedf07994e2
1864623382,3e8f905982a0ce47
1865404838,19dbddedf07994e2
1865961104,ca0922b34e670338
1870099509,ca0922b34e670338
1871244895,19dbddedf07994e2
1871307205,19dbddedf07994e2
1872150927,ca0922b34e670338
1873834025,19dbddedf07994e2
1874136682,cf2a5d42843b7397
1876861890,ca0922b34e670338
1877185861,19dbddedf07994e2
1878065428,19dbddedf07994e2
1879548409,7007a1f9c84cefe6
1880422271,19dbddedf07994e2
1881581745,ca0922b34e670338
1882347263,ca0922b34e670338
1882609672,70365808c334216b
1886026369,ca0922b34e670338
1891307739,ca0922b34e670338
1891364468,ca0922b34e670338
1894504031,ca0922b34e670338
1896033927,71032e877b57a188
1896258867,e55525e0b2004294
1896899836,ca0922b34e670338
1900058915,1b17ab93ed1184b4
1900903552,714d7c8007d03d69
1901685602,71596b62c08f2aef
1909158160,e3f99bfa4535678e
1910823491,71e4da43e7c685d7
1911115007,19dbddedf07994e2
1911707436,11b4d243a5de3777
1918549885,ca0922b34e670338
1924856149,72baf9552ea98e03
1925993864,2d784fe60bc13843
1928954840,344c73764f8f87f2
1930781055,19dbddedf07994e2
1936372410,a9dac7f44bb4198f
1937535789,19dbddedf07994e2
1939055750,ca0922b34e670338
1939680748,ca0922b34e670338
1943056733,ca0922b34e670338
1943297734,73d45ec644828e1a
1944588260,19dbddedf07994e2
1945693665,f10ef47e05746467
1947168706,ca0922b34e670338
1947533300,19dbddedf07994e2
1948003858,b2c6bef0a1ed09a8
1949895502,19dbddedf07994e2
1950020659,0f5160401ea3925f
1950130559,33ba844cbb15fecd
1950519382,74429056aeea0370
1953578128,74713c9049904ddf
1955149668,ca0922b34e670338
1955955534,90c7b3288d046c3a
1959173792,33ba844cbb15fecd
1963475147,ca0922b34e670338
1965800297,ca0922b34e670338
1971496575,5d82cb8a155dbd34
1972165298,0313454f0e513527
1973905445,2119fe68a204e42a
1973908713,2119fe68a204e42a
1975657922,ca0922b34e670338
1975772168,2f270b280fb2598d
1977164724,ca0922b34e670338
1978295656,92859eb517ad4608
1983053076,19dbddedf07994e2
1986505569,19dbddedf07994e2
1987205104,767257f0a1f98ea8
1988649697,768862e11a280fd0
1990076935,3e8f905982a0ce47
1990777672,f87d30729e499d72
1991010036,19dbddedf07994e2
1997444133,19dbddedf07994e2
2002349821,ca0922b34e670338
2002493880,19dbddedf07994e2
2002664694,4dacd064a3248f0e
2002804753,4dacd064a3248f0e
2003148566,19dbddedf07994e2
2008443397,77b66a0509916d51
2009432554,6ccededecee01838
2010114750,19dbddedf07994e2
2011736559,19dbddedf07994e2
2014147313,ca0922b34e670338
2015613945,1b17ab93ed1184b4
2020013518,19dbddedf07994e2
2020208906,ca0922b34e670338
2028522913,609a6b966c25b4d1
2031076833,ca0922b34e670338
2031098856,ca0922b34e670338
2031623030,ca0922b34e670338
2033275799,e3f99bfa4535678e
2038722354,19dbddedf07994e2
2044288591,23062825a1bc28fc
2046584481,19dbddedf07994e2
2050754267,7a3c06db23768808
2050767784,19dbddedf07994e2
2050836887,ca0922b34e670338
2051554127,7a483b4fbdf50717
2057193321,225448dc520d9fde
2057259490,19dbddedf07994e2
2058285872,e55525e0b2004294
2066131095,19dbddedf07994e2
2066741955,7b2ffac3269afaa0
2068295415,d2f1c88c0be4a19b
2079078475,90c7b3288d046c3a
2079422162,80b582ddeb40b2ce
2082906409,7c26a1292a2fb6e4
2084017174,efda2105fce657a8
2084638635,7c410fab0792a1a6
2085844381,ca0922b34e670338
2089313507,19dbddedf07994e2
2089448778,7c8a754aef23a6e3
2090040152,19dbddedf07994e2
2100706736,1b17ab93ed1184b4
2102215008,19dbddedf07994e2
2102682027,9b19bf2e8fb8e2f1
2103493366,7d60c2f6cdea2895
2104133864,7d6a88e8113679a3
2106455548,ca0922b34e670338
2107196538,ca0922b34e670338
2111497736,8fef31f6e130d228
2111694721,ca0922b34e670338
2113400699,19dbddedf07994e2
2113743263,19dbddedf07994e2
2116233550,19dbddedf07994e2
2119366696,1b17ab93ed1184b4
2120153250,ca0922b34e670338
2120451768,11b4d243a5de3777
2121778964,19dbddedf07994e2
2122256447,19dbddedf07994e2
2127848540,2119fe68a204e42a
2130466931,7efc5873e6c46721
2131353370,6ccededecee01838
2132119450,ca0922b34e670338
2137363264,7f6593400354747f
2146638935,ca0922b34e670338
2147111746,ca0922b34e670338
2147883043,2119fe68a204e42a
2150526978,e55525e0b2004294
2151530179,ca0922b34e670338
2152534029,19dbddedf07994e2
2155579572,ca0922b34e670338
2157034039,4884f857be239a22
2159379165,80b582ddeb40b2ce
2161996270,e3f99bfa4535678e
2164224646,19dbddedf07994e2
2168097125,ca0922b34e670338
2172687616,46d350a033c35853
2173519117,e9402a9ba7d42b70
2173817718,8191d376ff0b4442
2174573114,ca0922b34e670338
2174826679,19dbddedf07994e2
2176791043,ca0922b34e670338
2180049768,74713c9049904ddf
2183382319,e5bf83d96f9751cf
2186701505,80b582ddeb40b2ce
2192986541,19dbddedf07994e2
2194012122,19dbddedf07994e2
2195434658,82dbaca2150b72ac
2196899584,19dbddedf07994e2
2198577734,ca0922b34e670338
2198966154,ca0922b34e670338
2199942481,ca0922b34e670338
2200178596,ca0922b34e670338
2201192644,2119fe68a204e42a
2204816057,19dbddedf07994e2
2209005940,ca0922b34e670338
2211560654,ca0922b34e670338
2212841902,ca0922b34e670338
2213628788,83f14b7437375831
2213881307,80b582ddeb40b2ce
2215268863,19dbddedf07994e2
2215854148,19dbddedf07994e2
2216095286,ca0922b34e670338
2220222961,6ccededecee01838
2222342951,84764327def60e22
2225366225,ca0922b34e670338
2227748171,ca0922b34e670338
2230844022,2119fe68a204e42a
2231510743,ca0922b34e670338
2231862074,ca0922b34e670338
2232608648,ca0922b34e670338
2234123300,e3f99bfa4535678e
2238167497,80b582ddeb40b2ce
2240230478,1b17ab93ed1184b4
2241351164,19dbddedf07994e2
2242130137,5d82cb8a155dbd34
2245017232,ca0922b34e670338
2246099692,614a406f6ac4d07d
2247423504,19dbddedf07994e2
2250558678,0313454f0e513527
2251119546,ca0922b34e670338
2253412529,19dbddedf07994e2
2254895121,b42f6b3c826e14ff
2257161243,ca0922b34e670338
2258708165,19dbddedf07994e2
2263972548,86f17ac44dc7e324
2264068775,e3f99bfa4535678e
2264370167,19dbddedf07994e2
2264414691,2119fe68a204e42a
2264428587,2d784fe60bc13843
2265678035,ca0922b34e670338
2271220253,ca0922b34e670338
2272179274,19dbddedf07994e2
2276829421,05342ea0a157f2f6
2278212835,ca0922b34e670338
2279009852,19dbddedf07994e2
2280045993,2119fe68a204e42a
2281885836,e3f99bfa4535678e
2282975526,19dbddedf07994e2
2283915198,19dbddedf07994e2
2284089121,a1d2c591b99c359a
2286366969,ca0922b34e670338
2289086601,f58284d424b04728
2290116419,ca0922b34e670338
2290289791,19dbddedf07994e2
2291431297,4e23b5c2b01c6e8c
2294757433,90c7b3288d046c3a
2295715903,80b582ddeb40b2ce
2297671076,ca0922b34e670338
2301052687,e55525e0b2004294
2304229014,ca0922b34e670338
2309819548,ca0922b34e670338
2311243612,ca0922b34e670338
2311345294,11b4d243a5de3777
2311373416,19dbddedf07994e2
2311605057,1b17ab93ed1184b4
2313430404,19dbddedf07994e2
2316965064,19dbddedf07994e2
2317712568,19dbddedf07994e2
2318800017,5d82cb8a155dbd34
2318858875,19dbddedf07994e2
2322590671,8a6febcf85c544d4
2324073613,19dbddedf07994e2
2329483768,90c7b3288d046c3a
2331765001,2119fe68a204e42a
2332155747,5d82cb8a155dbd34
2332258829,2119fe68a204e42a
2333145348,19dbddedf07994e2
2333813095,90c7b3288d046c3a
2336605539,ca0922b34e670338
2340254195,ca0922b34e670338
2340346839,19dbddedf07994e2
2341317554,19dbddedf07994e2
2343660863,23062825a1bc28fc
2344176177,2119fe68a204e42a
2344761860,7d6a88e8113679a3
2350143089,4f61478ff21223b0
2352836796,d2f1c88c0be4a19b
2353211498,19dbddedf07994e2
2354303769,cac4664e95e21547
2356272867,5f60b9ee05cf73cc
2360409967,ca0922b34e670338
2362111059,8ccaf453a0801482
2364242902,19dbddedf07994e2
2372601141,0f5160401ea3925f
2373391451,19dbddedf07994e2
2373818496,19dbddedf07994e2
2375380351,f2d5139df774f875
2375409427,ca0922b34e670338
2379464921,19dbddedf07994e2
2383387418,19dbddedf07994e2
2383537812,1b17ab93ed1184b4
2386760470,ca0922b34e670338
2389959085,19dbddedf07994e2
2390078255,ca0922b34e670338
2392795457,2af874d749a75ec8
2398065058,8eef91a28eff270a
2401569620,2af874d749a75ec8
2403912991,8f48cd1f7a4fa984
2405486959,7a3c06db23768808
2407621542,2119fe68a204e42a
2408122437,ca0922b34e670338
2408934868,19dbddedf07994e2
2410387278,ca0922b34e670338
2412422692,8fcaa62476ea7c26
2413611453,2119fe68a204e42a
2414817782,8fef31f6e130d228
2415329101,ca0922b34e670338
2415524757,ca0922b34e670338
2417411937,ca0922b34e670338
2417837167,19dbddedf07994e2
2426278289,19dbddedf07994e2
2429006632,90c7b3288d046c3a
2431587641,80b582ddeb40b2ce
2432283295,ca0922b34e670338
2434486498,911b50e2486c6186
2441757011,9b19bf2e8fb8e2f1
2441822351,ca0922b34e670338
2442837185,19dbddedf07994e2
2452101494,19dbddedf07994e2
2453053936,ca0922b34e670338
2455627779,2af874d749a75ec8
2458230453,92859eb517ad4608
2459401797,92977e45eb872e9b
2465111644,19dbddedf07994e2
2466539245,e55525e0b2004294
2467180561,ca0922b34e670338
2469137454,19dbddedf07994e2
2471237201,b2855bce0b5908c6
2472462973,2119fe68a204e42a
2481159401,ca0922b34e670338
2483303423,19dbddedf07994e2
2484408792,941511d8e1f0a1ac
2485688425,77b66a0509916d51
2487139945,ca0922b34e670338
2487951834,5d82cb8a155dbd34
2489245346,19dbddedf07994e2
2490724020,19dbddedf07994e2
2498695659,2d784fe60bc13843
2501618014,a992a1fd533fcd43
2501775447,ca0922b34e670338
2507268403,4884f857be239a22
2507901207,e55525e0b2004294
2509433001,5d82cb8a155dbd34
2513705520,95d41a301cf5e2b3
2514250139,ca0922b34e670338
2515063494,ca0922b34e670338
2517823524,250d650b8522d958
2518948898,1b17ab93ed1184b4
2520265971,ca0922b34e670338
2522163459,19dbddedf07994e2
2523220295,19dbddedf07994e2
2524552051,ca0922b34e670338
2526338517,1b17ab93ed1184b4
2530872237,dca779aad57531f1
2530935874,ca0922b34e670338
2539885594,1b17ab93ed1184b4
2540632590,4dacd064a3248f0e
2548508164,ca0922b34e670338
2548978882,19dbddedf07994e2
2551569121,19dbddedf07994e2
2551819065,b42f6b3c826e14ff
2556216753,90c7b3288d046c3a
2557619091,ca0922b34e670338
2559719524,19dbddedf07994e2
2560122334,5d82cb8a155dbd34
2561492846,e55525e0b2004294
2562102510,1b17ab93ed1184b4
2562907472,19dbddedf07994e2
2566874299,ca0922b34e670338
2572988490,2af874d749a75ec8
2574121496,ab363adc4024ff3c
2577671065,2c99b217faca51f8
2578305997,614a406f6ac4d07d
2581485856,8ccaf453a0801482
2584466702,9a0bd50e414b077d
2585926732,19dbddedf07994e2
2596011238,9abbfce66b016fef
2597105857,f17c71b6d21b5f4f
2598143337,3e8f905982a0ce47
2598908251,ca0922b34e670338
2599317283,19dbddedf07994e2
2600144116,19dbddedf07994e2
2601343677,5f60b9ee05cf73cc
2602155822,9b19bf2e8fb8e2f1
2618222858,e5bf83d96f9751cf
2622453777,9c4f781173d0fb2d
2624651671,90c7b3288d046c3a
2626854806,1b17ab93ed1184b4
2627543809,ca0922b34e670338
2631164644,19dbddedf07994e2
2631701682,ca0922b34e670338
2632696509,c6bd40b0a7053499
2636604899,19dbddedf07994e2
2643114052,cac4664e95e21547
2643475362,ca0922b34e670338
2645043680,19dbddedf07994e2
2645907980,1b17ab93ed1184b4
2645958803,e55525e0b2004294
2646540950,ca0922b34e670338
2650008364,d2f1c88c0be4a19b
2654000647,0313454f0e513527
2658630257,9e777a71681dfa82
2662819279,19dbddedf07994e2
2663650172,ca0922b34e670338
2664771279,19dbddedf07994e2
2664935198,ca0922b34e670338
2665513560,225448dc520d9fde
2667143777,1d3487df6761d44e
2667171556,92859eb517ad4608
2668321647,19dbddedf07994e2
2673887514,90c7b3288d046c3a
2675840066,ca0922b34e670338
2680315994,19dbddedf07994e2
2681082752,a992a1fd533fcd43
2683360940,ca0922b34e670338
2683587389,5d82cb8a155dbd34
2684735783,ca0922b34e670338
2685605951,19dbddedf07994e2
2686502344,ca0922b34e670338
2687596124,a031765c4ab49edb
2694087860,19dbddedf07994e2
2698481672,19dbddedf07994e2
2698905290,19dbddedf07994e2
2700324909,ca0922b34e670338
2703253622,19dbddedf07994e2
2711819938,2119fe68a204e42a
2712111297,ca0922b34e670338
2712159804,19dbddedf07994e2
2712296122,e55525e0b2004294
2713355963,19dbddedf07994e2
2714944913,a1d2c591b99c359a
2715204700,19dbddedf07994e2
2721840065,a23bfbc1788ea3a2
2721931087,ca0922b34e670338
2723145085,19dbddedf07994e2
2724269358,cf2a5d42843b7397
2729317271,19dbddedf07994e2
2730139418,768862e11a280fd0
2733292031,a2eab9ff05e364f6
2737825018,2119fe68a204e42a
2738161821,19dbddedf07994e2
2740269053,e55525e0b2004294
2741397196,19dbddedf07994e2
2742836451,19dbddedf07994e2
2744778973,b0241aa48c88bd1b
2744886188,ca0922b34e670338
2745225671,19dbddedf07994e2
2745714330,2119fe68a204e42a
2747015200,ca0922b34e670338
2747214414,19dbddedf07994e2
2748472983,ca0922b34e670338
2749206349,ca0922b34e670338
2750444182,23062825a1bc28fc
2752353539,ca0922b34e670338
2752830080,ca0922b34e670338
2753640418,da1b2cc86155f95b
2754292019,ca0922b34e670338
2758404799,90c7b3288d046c3a
2760939066,a490963ae4c840bc
2771730688,19dbddedf07994e2
2776814434,19dbddedf07994e2
2786859960,ca0922b34e670338
2790250775,ca0922b34e670338
2790696354,19dbddedf07994e2
2791720617,19dbddedf07994e2
2792711473,ca0922b34e670338
2794960033,768862e11a280fd0
2795346549,19dbddedf07994e2
2796138230,2af874d749a75ec8
2797523054,ca0922b34e670338
2800190037,a6e782556623dbce
2804960123,19dbddedf07994e2
2806347044,19dbddedf07994e2
2806632304,ca0922b34e670338
2807280357,ca0922b34e670338
2809353388,ca0922b34e670338
2811464548,1b17ab93ed1184b4
2814954861,19dbddedf07994e2
2817534815,19dbddedf07994e2
2817551515,90c7b3288d046c3a
2819181407,768862e11a280fd0
2820307441,19dbddedf07994e2
2820617991,ca0922b34e670338
2829010064,19dbddedf07994e2
2830139678,ca0922b34e670338
2832132964,2d784fe60bc13843
2833544476,e55525e0b2004294
2838382703,ca0922b34e670338
2843572338,a97d787230c8bf9f
2843910370,19dbddedf07994e2
2844959229,a992a1fd533fcd43
2845079738,19dbddedf07994e2
2847331954,19dbddedf07994e2
2849121232,2119fe68a204e42a
2849210230,2119fe68a204e42a
2849687540,a9dac7f44bb4198f
2859000739,ca0922b34e670338
2862436860,ea31d3dfe650517d
2865221292,19dbddedf07994e2
2871214424,19dbddedf07994e2
2872437860,8a6febcf85c544d4
2872457948,ab363adc4024ff3c
2874390201,ca0922b34e670338
2877750664,19dbddedf07994e2
2880649944,19dbddedf07994e2
2882667417,2119fe68a204e42a
2882926896,19dbddedf07994e2
2886250900,53b26ce8a91654ea
2888784314,19dbddedf07994e2
2892189297,ca0922b34e670338
2893001666,ca0922b34e670338
2908810668,ca0922b34e670338
2913716533,c03bd0cac4c60891
2919232659,19dbddedf07994e2
2922968033,19dbddedf07994e2
2926959948,ae75dd4c2c8dc843
2929871792,19dbddedf07994e2
2930212402,5d82cb8a155dbd34
2933348702,ca0922b34e670338
2933372991,ca0922b34e670338
2948781947,ca0922b34e670338
2949342252,afcb642cda4b2ec6
2951796240,ca0922b34e670338
2952339854,ca0922b34e670338
2954164658,19dbddedf07994e2
2954831769,92859eb517ad4608
2955156132,b0241aa48c88bd1b
2955340542,a9dac7f44bb4198f
2956581880,19dbddedf07994e2
2958777060,4dacd064a3248f0e
2962782921,1b17ab93ed1184b4
2967970132,19dbddedf07994e2
2969862863,b0241aa48c88bd1b
2970455564,19dbddedf07994e2
2970576375,ca0922b34e670338
2970708225,ca0922b34e670338
2974332680,ca0922b34e670338
2976314893,ca0922b34e670338
2977793856,2c99b217faca51f8
2978734668,7d6a88e8113679a3
2980879964,19dbddedf07994e2
2983741935,e3f99bfa4535678e
2985098511,1b17ab93ed1184b4
2986508383,33ba844cbb15fecd
2987710437,19dbddedf07994e2
2987927390,19dbddedf07994e2
2991982418,ca0922b34e670338
2993575732,2119fe68a204e42a
2995084238,b2855bce0b5908c6
2995174827,19dbddedf07994e2
2995392867,ca0922b34e670338
2995767584,b28fc92090c60e93
2996615184,92859eb517ad4608
2998285852,19dbddedf07994e2
2999369456,b2c6bef0a1ed09a8
3001221749,19dbddedf07994e2
3008730172,19dbddedf07994e2
3013404851,b42f6b3c826e14ff
3016082580,ca0922b34e670338
3021208106,b413fa2ae9b71b8f
3023006524,b42f6b3c826e14ff
3025115175,19dbddedf07994e2
3025827454,b42f6b3c826e14ff
3027175857,19dbddedf07994e2
3031202909,b4ac7c5d48229d6c
3034886346,ca0922b34e670338
3039000993,5d82cb8a155dbd34
3042304936,19dbddedf07994e2
3043125234,ca0922b34e670338
3043918330,2af874d749a75ec8
3044961032,90c7b3288d046c3a
3045214849,ca0922b34e670338
3045375420,ca0922b34e670338
3052192424,ca0922b34e670338
3054360038,19dbddedf07994e2
3055250342,b61b6ba65fc547f3
3056672603,19dbddedf07994e2
3057591387,1b17ab93ed1184b4
3066382940,2af874d749a75ec8
3067320151,90c7b3288d046c3a
3067994199,19dbddedf07994e2
3069489370,19dbddedf07994e2
3070802775,8a6febcf85c544d4
3071134189,19dbddedf07994e2
3072664786,ca0922b34e670338
3075592551,ca0922b34e670338
3079243876,ca0922b34e670338
3079480156,19dbddedf07994e2
3081380115,5d82cb8a155dbd34
3084188389,ca0922b34e670338
3085244369,0313454f0e513527
3088707483,ca0922b34e670338
3088987539,19dbddedf07994e2
3089744476,90c7b3288d046c3a
3090397570,19dbddedf07994e2
3090724573,ca0922b34e670338
3090975393,7a483b4fbdf50717
3093306940,ca0922b34e670338
3093439238,90c7b3288d046c3a
3093917917,19dbddedf07994e2
3095653197,90c7b3288d046c3a
3096952156,ca0922b34e670338
3108573896,19dbddedf07994e2
3111711880,3e8f905982a0ce47
3119964541,606754cfbea75770
3121736414,ca0922b34e670338
3122132300,2119fe68a204e42a
3122612110,ca0922b34e670338
3126304042,19dbddedf07994e2
3134703376,ca0922b34e670338
3134911327,4884f857be239a22
3135220827,e55525e0b2004294
3137593616,19dbddedf07994e2
3140055430,ca0922b34e670338
3140929681,bb36c89153d02b9a
3141664459,ca0922b34e670338
3141747565,ca0922b34e670338
3141808740,4884f857be239a22
3147434529,19dbddedf07994e2
3148845725,e55525e0b2004294
3152932038,0313454f0e513527
3153311028,6ccededecee01838
3154338958,19dbddedf07994e2
3156813902,d2f1c88c0be4a19b
3158710225,b0241aa48c88bd1b
3160738586,80b582ddeb40b2ce
3161607911,bc724ee788735357
3161612688,8a6febcf85c544d4
3161896023,ca0922b34e670338
3166423484,bcbbc9bc2cd7369f
3169169996,ca0922b34e670338
3170873193,2119fe68a204e42a
3172856484,2119fe68a204e42a
3173586237,19dbddedf07994e2
3177684183,19dbddedf07994e2
3177845086,e3f99bfa4535678e
3185714358,ca0922b34e670338
3185859324,ca0922b34e670338
3186953051,ca0922b34e670338
3189083636,19dbddedf07994e2
3190113093,6ccededecee01838
3193259853,ca0922b34e670338
3194445886,be67603ea9cfc3d5
3198347166,ca0922b34e670338
3200659916,ca0922b34e670338
3202624699,bee42cbbcf5755e4
3203319288,2c99b217faca51f8
3204104925,befac2ddbf9df4dd
3209195983,19dbddedf07994e2
3211219728,ae75dd4c2c8dc843
3211720536,ca0922b34e670338
3213692210,ca0922b34e670338
3219577236,ca0922b34e670338
3222871172,7a3c06db23768808
3225145546,c03bd0cac4c60891
3227748300,ca0922b34e670338
3229052333,19dbddedf07994e2
3230633154,19dbddedf07994e2
3232884188,ca0922b34e670338
3233057669,cf2a5d42843b7397
3233626168,2119fe68a204e42a
3234919362,ca0922b34e670338
3235461897,ca0922b34e670338
3237657919,19dbddedf07994e2
3239621996,19dbddedf07994e2
3241682243,2c99b217faca51f8
3242246434,768862e11a280fd0
3243325306,0313454f0e513527
3244732029,2119fe68a204e42a
3249245705,4dacd064a3248f0e
3249467962,19dbddedf07994e2
3249579374,ca0922b34e670338
3253171476,ca0922b34e670338
3253768715,5f60b9ee05cf73cc
3255261982,8a6febcf85c544d4
3256052663,c2136bb768e3f781
3256228157,19dbddedf07994e2
3257814880,ca0922b34e670338
3258455264,f58284d424b04728
3259446285,8fef31f6e130d228
3261014794,9e777a71681dfa82
3261214564,ca0922b34e670338
3265437979,80b582ddeb40b2ce
3265855029,5d82cb8a155dbd34
3271333414,c2fc96267783e595
3272695166,b2855bce0b5908c6
3279106453,7a483b4fbdf50717
3280924331,cf2a5d42843b7397
3281516168,eebd59d309b409f1
3281995847,ca0922b34e670338
3285211420,ca0922b34e670338
3290468236,19dbddedf07994e2
3291175334,c42b59a695868588
3292300011,19dbddedf07994e2
3292889097,c44580091c0ad5ad
3293824726,ca0922b34e670338
3296199768,e55525e0b2004294
3298981608,ca0922b34e670338
3298988061,2119fe68a204e42a
3303031509,c4e042d561d76013
3303391839,19dbddedf07994e2
3305296320,19dbddedf07994e2
3308437059,80b582ddeb40b2ce
3309074197,19dbddedf07994e2
3312422912,19dbddedf07994e2
3312943850,ca0922b34e670338
3314519574,19dbddedf07994e2
3315855790,ca0922b34e670338
3323214910,90c7b3288d046c3a
3323403775,19dbddedf07994e2
3331369174,ca0922b34e670338
3332154739,befac2ddbf9df4dd
3334291632,c6bd40b0a7053499
3334938482,19dbddedf07994e2
3338711335,19dbddedf07994e2
3342508148,19dbddedf07994e2
3345179159,ca0922b34e670338
3346324823,7a3c06db23768808
3346709680,c44580091c0ad5ad
3348196721,ca0922b34e670338
3351016527,1b17ab93ed1184b4
3351016924,46e8a5186d238bc1
3353760071,1b17ab93ed1184b4
3355098529,ca0922b34e670338
3355250950,19dbddedf07994e2
3356270081,ca0922b34e670338
3360138453,344c73764f8f87f2
3365471913,e5bf83d96f9751cf
3368868017,90c7b3288d046c3a
3370874649,ca0922b34e670338
3378631252,ca0922b34e670338
3378674004,d2f1c88c0be4a19b
3381834461,19dbddedf07994e2
3388152408,ca0922b34e670338
3389596339,ca0922b34e670338
3392907486,4dacd064a3248f0e
3393172433,2119fe68a204e42a
3394480996,c03bd0cac4c60891
3397319225,6ccededecee01838
3398336576,19dbddedf07994e2
3398654032,fcb0678812970909
3401868878,cac4664e95e21547
3403161864,ca0922b34e670338
3404715377,19dbddedf07994e2
3413615398,4dacd064a3248f0e
3418647109,ca0922b34e670338
3422348832,d2f1c88c0be4a19b
3425007913,19dbddedf07994e2
3425780932,ca0922b34e670338
3432995009,cc9f58c126cc648e
3434186690,80b582ddeb40b2ce
3438355431,ccf123e77a8b92b2
3438976696,ca0922b34e670338
3443299148,b0241aa48c88bd1b
3444030336,ca0922b34e670338
3445007340,19dbddedf07994e2
3447818514,b61b6ba65fc547f3
3450612094,ca0922b34e670338
3450882794,ca0922b34e670338
3453987196,2119fe68a204e42a
3455021525,cdef71d5c1475ff1
3456282155,ca0922b34e670338
3456939902,5a86ce944e7078c1
3457116205,ca0922b34e670338
3459703955,ca0922b34e670338
3463850149,1b17ab93ed1184b4
3469183879,95d41a301cf5e2b3
3473635775,ca0922b34e670338
3475660098,cf2a5d42843b7397
3478645278,ca0922b34e670338
3479020690,19dbddedf07994e2
3484302498,cfae3ca2f65f0b94
3486888298,5f60b9ee05cf73cc
3489812931,19dbddedf07994e2
3489864453,ca0922b34e670338
3498979865,19dbddedf07994e2
3499577847,19dbddedf07994e2
3500406156,2119fe68a204e42a
3501250507,19dbddedf07994e2
3502087665,ca0922b34e670338
3504303968,ca0922b34e670338
3504794525,ca0922b34e670338
3505196776,ca0922b34e670338
3505516083,92859eb517ad4608
3505676578,19dbddedf07994e2
3505835058,ca0922b34e670338
3513765964,90c7b3288d046c3a
3516386464,1b17ab93ed1184b4
3525718816,ca0922b34e670338
3526363373,90c7b3288d046c3a
3526842781,ca0922b34e670338
3529571390,e5bf83d96f9751cf
3536804641,ca0922b34e670338
3537341314,ca0922b34e670338
3539060876,d2f1c88c0be4a19b
3539645986,80b582ddeb40b2ce
3539924925,ca0922b34e670338
3542968803,d32d69e3457e91ea
3546834091,19dbddedf07994e2
3546856643,1b17ab93ed1184b4
3547841849,e3f99bfa4535678e
3549872975,ca0922b34e670338
3551156131,ca0922b34e670338
3552814601,ebcd1390ce4a6193
3554138237,19dbddedf07994e2
3557280538,ca0922b34e670338
3557646940,7d6a88e8113679a3
3558517457,ca0922b34e670338
3559256931,1b17ab93ed1184b4
3560099113,e5bf83d96f9751cf
3562079544,d4510538caae1b43
3563197144,90c7b3288d046c3a
3563729633,f87d30729e499d72
3566897046,e55525e0b2004294
3567363363,19dbddedf07994e2
3571599250,d4e24792d4c6f7e2
3573469869,19dbddedf07994e2
3574224772,d50a5784d54f4c76
3575346901,6ccededecee01838
3577358223,92859eb517ad4608
3578870213,19dbddedf07994e2
3580471965,19dbddedf07994e2
3583171445,ca0922b34e670338
3596766944,ca0922b34e670338
3596848416,4dacd064a3248f0e
3602252605,7f6593400354747f
3602797075,80b582ddeb40b2ce
3605766109,4dacd064a3248f0e
3610274639,befac2ddbf9df4dd
3612856055,d757cef7238ebbec
3617906484,19dbddedf07994e2
3622955200,2c99b217faca51f8
3625623574,ca0922b34e670338
3626009979,19dbddedf07994e2
3633763720,5d82cb8a155dbd34
3639427481,1b17ab93ed1184b4
3639847890,19dbddedf07994e2
3641537484,6ccededecee01838
3642892699,5cf5c2ba02ee6bb5
3645018654,d942921e8c763b47
3646021536,5a86ce944e7078c1
3650016807,ca0922b34e670338
3656373286,5f60b9ee05cf73cc
3656480274,ca0922b34e670338
3658575049,768862e11a280fd0
3659214024,da1b2cc86155f95b
3660704002,da31e902dead47e8
3663326812,19dbddedf07994e2
3664701393,c4e042d561d76013
3667587680,ca0922b34e670338
3668462121,4129b562fe425a0b
3669496006,7d6a88e8113679a3
3673499972,90c7b3288d046c3a
3675713409,ca0922b34e670338
3676906951,19dbddedf07994e2
3676937614,19dbddedf07994e2
3684153970,19dbddedf07994e2
3685611767,0b1a2a0acb3dbf7d
3690159599,da1b2cc86155f95b
3699819942,ca0922b34e670338
3701051193,ca0922b34e670338
3701963178,dca779aad57531f1
3705857740,ca0922b34e670338
3708801021,19dbddedf07994e2
3712979082,19dbddedf07994e2
3713789021,1b17ab93ed1184b4
3715023749,ca0922b34e670338
3716064446,ca0922b34e670338
3719488286,19dbddedf07994e2
3724421744,e3f99bfa4535678e
3731472333,19dbddedf07994e2
3731923489,19dbddedf07994e2
3732368194,46d350a033c35853
3733224254,19dbddedf07994e2
3736881114,19dbddedf07994e2
3737332150,ca0922b34e670338
3739979099,19dbddedf07994e2
3741394113,768862e11a280fd0
3744550334,19dbddedf07994e2
3744953119,ca0922b34e670338
3749239886,19dbddedf07994e2
3754319386,ca0922b34e670338
3761531901,19dbddedf07994e2
3764718278,5d82cb8a155dbd34
3765641650,e07321b231281bb9
3768088200,19dbddedf07994e2
3771053610,ca0922b34e670338
3779423956,92859eb517ad4608
3784136994,4884f857be239a22
3785676160,606754cfbea75770
3786174344,19dbddedf07994e2
3786714668,19dbddedf07994e2
3789771532,19dbddedf07994e2
3790395943,ca0922b34e670338
3790953493,19dbddedf07994e2
3792610396,19dbddedf07994e2
3793065579,19dbddedf07994e2
3796356903,ca0922b34e670338
3796975813,5f60b9ee05cf73cc
3799043797,befac2ddbf9df4dd
3800417700,19dbddedf07994e2
3801770407,da1b2cc86155f95b
3804025991,c03bd0cac4c60891
3804623053,19dbddedf07994e2
3805511809,19dbddedf07994e2
3809351910,5d82cb8a155dbd34
3810430121,67a198d323d17d4b
3811851380,19dbddedf07994e2
3815735123,7d60c2f6cdea2895
3816107144,1b17ab93ed1184b4
3821959490,a9dac7f44bb4198f
3824786426,e3f99bfa4535678e
3827797547,e4278e2be25ba4c1
3828969403,19dbddedf07994e2
3828993116,b42f6b3c826e14ff
3831501901,19dbddedf07994e2
3831981453,19dbddedf07994e2
3832343301,0f5160401ea3925f
3836423228,ca0922b34e670338
3836669316,ca0922b34e670338
3840718818,ca0922b34e670338
3841154807,ca0922b34e670338
3845423672,19dbddedf07994e2
3847231722,ca0922b34e670338
3847562720,e55525e0b2004294
3848290716,19dbddedf07994e2
3850194657,4884f857be239a22
3850998188,e55525e0b2004294
3852843405,19dbddedf07994e2
3853663190,ca0922b34e670338
3853725016,2119fe68a204e42a
3854533593,e5bf83d96f9751cf
3855932134,6ccededecee01838
3858547302,19dbddedf07994e2
3862114445,206a8222428d1fc7
3862202459,7007a1f9c84cefe6
3863750214,a23bfbc1788ea3a2
3864359702,ca0922b34e670338
3864775467,ca0922b34e670338
3868290275,e3f99bfa4535678e
3868418264,19dbddedf07994e2
3869211873,ca0922b34e670338
3869765671,ca0922b34e670338
3870047049,ca0922b34e670338
3872599472,ca0922b34e670338
3872986059,cdef71d5c1475ff1
3873839032,ca0922b34e670338
3874125183,19dbddedf07994e2
3874217049,ca0922b34e670338
3875046835,f58284d424b04728
3876261226,ca0922b34e670338
3877795941,19dbddedf07994e2
3878560529,19dbddedf07994e2
3881094673,ca0922b34e670338
3882966348,9a0bd50e414b077d
3884629257,5f60b9ee05cf73cc
3890088649,e55525e0b2004294
3891177606,e7eea88677174a0b
3894956053,f10ef47e05746467
3896547739,19dbddedf07994e2
3899993097,7007a1f9c84cefe6
3903224798,19dbddedf07994e2
3903988047,2119fe68a204e42a
3904714521,ca0922b34e670338
3907445474,19dbddedf07994e2
3909875611,e90bf79bebf9d078
3913296539,e9402a9ba7d42b70
3913431056,ca0922b34e670338
3914070502,e94bf9e6daf555e4
3916849988,ca0922b34e670338
3922192719,33ba844cbb15fecd
3922559451,86f17ac44dc7e324
3923092896,19dbddedf07994e2
3924943764,e9f1e39464eb6aa4
3925212580,d50a5784d54f4c76
3928333364,0313454f0e513527
3928561171,19dbddedf07994e2
3928682198,19dbddedf07994e2
3929134047,ea31d3dfe650517d
3929135236,ca0922b34e670338
3931652550,ca0922b34e670338
3931748243,7b2ffac3269afaa0
3932597756,ca0922b34e670338
3934028791,19dbddedf07994e2
3936239754,19dbddedf07994e2
3941493191,2119fe68a204e42a
3944475894,19dbddedf07994e2
3944918669,9b19bf2e8fb8e2f1
3945841459,4f61478ff21223b0
3946069929,19dbddedf07994e2
3953171473,ca0922b34e670338
3953355058,19dbddedf07994e2
3956085648,ebcd1390ce4a6193
3956320759,ca0922b34e670338
3960911013,19dbddedf07994e2
3961644824,ca0922b34e670338
3961654401,ca0922b34e670338
3964414058,5d82cb8a155dbd34
3967167047,19dbddedf07994e2
3967386863,609a6b966c25b4d1
3969517191,ca0922b34e670338
3970348170,4884f857be239a22
3970795369,ca0922b34e670338
3974080952,ca0922b34e670338
3975162348,ecf029ec946c0efa
3978862910,f17c71b6d21b5f4f
3984068643,768862e11a280fd0
3990332188,19dbddedf07994e2
3990479706,4884f857be239a22
3997107649,ca0922b34e670338
4002462568,19dbddedf07994e2
4005386707,eebd59d309b409f1
4007960266,19dbddedf07994e2
4008555349,8fef31f6e130d228
4012143702,19dbddedf07994e2
4013866600,19dbddedf07994e2
4015948543,c03bd0cac4c60891
4016502587,ef66f73b7751b1cf
4016887873,19dbddedf07994e2
4019154692,ef8f6f04f04e663d
4019321014,80b582ddeb40b2ce
4019370779,19dbddedf07994e2
4021398341,19dbddedf07994e2
4022893941,1b17ab93ed1184b4
4023595047,ca0922b34e670338
4023908096,efd7f700f9a36398
4024049925,efda2105fce657a8
4026195250,19dbddedf07994e2
4027464766,1b17ab93ed1184b4
4027995461,ca0922b34e670338
4028346823,6ccededecee01838
4029548091,f02e063b29a40b14
4031217859,b42f6b3c826e14ff
4034691442,80b582ddeb40b2ce
4035217962,ca0922b34e670338
4035871896,19dbddedf07994e2
4039088893,2af874d749a75ec8
4042774818,ca0922b34e670338
4044289150,f10ef47e05746467
4046998344,ca0922b34e670338
4048335595,1b17ab93ed1184b4
4050949981,19dbddedf07994e2
4051416853,ca0922b34e670338
4051464630,f17c71b6d21b5f4f
4052177907,cc9f58c126cc648e
4054526728,19dbddedf07994e2
4060511254,ca0922b34e670338
4061573869,ca0922b34e670338
4063200425,7f6593400354747f
4064120247,19dbddedf07994e2
4071645323,ca0922b34e670338
4074050461,f2d5139df774f875
4074577868,ca0922b34e670338
4076962497,ca0922b34e670338
4079708737,19dbddedf07994e2
4080709418,ca0922b34e670338
4086852579,19dbddedf07994e2
4088052420,f3aabac4ab33a2ef
4088609907,ca0922b34e670338
4090004956,19dbddedf07994e2
4090138170,ca0922b34e670338
4091870805,cfae3ca2f65f0b94
4093934225,ca0922b34e670338
4100906463,ca0922b34e670338
4101009982,ca0922b34e670338
4101358372,ca0922b34e670338
4102512185,5d82cb8a155dbd34
4103639110,da1b2cc86155f95b
4106684492,19dbddedf07994e2
4115943829,19dbddedf07994e2
4118971604,f58284d424b04728
4119792649,ca0922b34e670338
4122069783,f5b1cb17dbec782a
4123955199,b42f6b3c826e14ff
4125831629,4dacd064a3248f0e
4127980395,f60bfb6b52b3f702
4137104041,19dbddedf07994e2
4139102851,f6b5b2832db6574a
4139433855,ca0922b34e670338
4144272903,2119fe68a204e42a
4145840529,1b17ab93ed1184b4
4150246716,ca0922b34e670338
4152342827,ca0922b34e670338
4154624247,ca0922b34e670338
4155290409,ca0922b34e670338
4155374770,ca0922b34e670338
4156936135,ca0922b34e670338
4159295674,ca0922b34e670338
4159369944,19dbddedf07994e2
4161667220,19dbddedf07994e2
4161687799,19dbddedf07994e2
4162555869,2c99b217faca51f8
4165800010,f84d104ad34eaf84
4168303253,37c7c349aa426fce
4168953970,f87d30729e499d72
4169099130,e3f99bfa4535678e
4169695762,ca0922b34e670338
4180058542,9b19bf2e8fb8e2f1
4182256545,ca0922b34e670338
4182813471,ca0922b34e670338
4184874465,ca0922b34e670338
4185516189,ca0922b34e670338
4188161611,2119fe68a204e42a
4189740942,ca0922b34e670338
4190438428,f9c5041c085435cf
4191087182,2119fe68a204e42a
4191489231,e55525e0b2004294
4191758597,90c7b3288d046c3a
4194138220,ca0922b34e670338
4196181809,ca0922b34e670338
4198738967,19dbddedf07994e2
4204468578,7a3c06db23768808
4205823664,19dbddedf07994e2
4206426829,fcb0678812970909
4207133623,ca0922b34e670338
4208354360,e3f99bfa4535678e
4209515833,33ba844cbb15fecd
4209888102,19dbddedf07994e2
4210297258,2af874d749a75ec8
4211384347,5d82cb8a155dbd34
4213939428,ca0922b34e670338
4214110565,ca0922b34e670338
4217650245,0313454f0e513527
4218971120,19dbddedf07994e2
4219046484,1b17ab93ed1184b4
4222482146,fbadf6e2726d706f
4224596321,19dbddedf07994e2
4225022473,19dbddedf07994e2
4225887059,ca0922b34e670338
4227346925,46e8a5186d238bc1
4230045224,19dbddedf07994e2
4231032630,19dbddedf07994e2
4231218910,ca0922b34e670338
4233198932,19dbddedf07994e2
4234663497,ca0922b34e670338
4235645027,7a483b4fbdf50717
4236093040,b42f6b3c826e14ff
4239419272,fcb0678812970909
4240188131,90c7b3288d046c3a
4241031232,ca0922b34e670338
4241464549,2119fe68a204e42a
4243567418,ca0922b34e670338
4243799654,f2d5139df774f875
4245010884,19dbddedf07994e2
4247500432,92859eb517ad4608
4248235063,19dbddedf07994e2
4249638404,e55525e0b2004294
4253135409,ca0922b34e670338
4254537120,ca0922b34e670338
4254750568,19dbddedf07994e2
4261048439,ca0922b34e670338
4267860614,ca0922b34e670338
4267867299,ca0922b34e670338
4270345206,ca0922b34e670338
4270799993,ca0922b34e670338
4271176270,19dbddedf07994e2
4271467086,19dbddedf07994e2
4272895610,19dbddedf07994e2
4273492438,7b2ffac3269afaa0
4277676538,19dbddedf07994e2
4278177666,feffcf826728317c
4280053707,19dbddedf07994e2
4282998040,ca0922b34e670338
4284136611,ff5abca3be7f134b
4286097050,b42f6b3c826e14ff
4286534551,19dbddedf07994e2
4286569883,ca0922b34e670338
4286844298,ca0922b34e670338
4292307900,2af874d749a75ec8
4292387178,ca0922b34e670338
4293219789,ffe555cd8f743e34
